{
  "eigenvalues": {
    "dim": [
      1,
      2,
      3,
      4,
      5
    ],
    "eigenvalue": [
      0.3856019509058065,
      0.2898592748987222,
      0.24990142065696966,
      0.23351597514271977,
      0.22376849688696035
    ],
    "variance_percent": [
      27.8886742502018,
      20.964081942689237,
      18.074128771893438,
      16.88905086625034,
      16.18406416896518
    ],
    "cumulative_percent": [
      27.8886742502018,
      48.852756192891036,
      66.92688496478448,
      83.81593583103482,
      100.0
    ]
  },
  "individuals": {
    "id": [
      0,
      1,
      2,
      3,
      4,
      5,
      6,
      7,
      8,
      9,
      10,
      11,
      12,
      13,
      14,
      15,
      16,
      17,
      18,
      19,
      20,
      21,
      22,
      23,
      24,
      25,
      26,
      27,
      28,
      29,
      30,
      31,
      32,
      33,
      34,
      35,
      36,
      37,
      38,
      39,
      40,
      41,
      42,
      43,
      44,
      45,
      46,
      47,
      48,
      49,
      50,
      51,
      52,
      53,
      54,
      55,
      56,
      57,
      58,
      59,
      60,
      61,
      62,
      63,
      64,
      65,
      66,
      67,
      68,
      69,
      70,
      71,
      72,
      73,
      74,
      75,
      76,
      77,
      78,
      79,
      80,
      81,
      82,
      83,
      84,
      85,
      86,
      87,
      88,
      89,
      90,
      91,
      92,
      93,
      94,
      95,
      96,
      97,
      98,
      99,
      100,
      101,
      102,
      103,
      104,
      105,
      106,
      107,
      108,
      109,
      110,
      111,
      112,
      113,
      114,
      115,
      116,
      117,
      118,
      119,
      120,
      121,
      122,
      123,
      124,
      125,
      126,
      127,
      128,
      129,
      130,
      131,
      132,
      133,
      134,
      135,
      136,
      137,
      138,
      139,
      140,
      141,
      142,
      143,
      144,
      145,
      146,
      147,
      148,
      149,
      150,
      151,
      152,
      153,
      154,
      155,
      156,
      157
    ],
    "dim1": [
      -0.7889025583492193,
      -0.8844503863644015,
      -0.4823131979784603,
      -0.4823131979784603,
      -0.7008059737556926,
      0.7387361300684279,
      -0.6052581457405104,
      0.4886865500986869,
      -0.5867379444917569,
      -0.5178311176552767,
      -0.8844503863644015,
      -0.8155435595279213,
      0.405283876729147,
      -0.6318991469192125,
      -0.6869796837309259,
      0.7366551124798794,
      0.30498061216413486,
      0.05821041647381244,
      -0.05585761279012336,
      0.03156941529511039,
      0.9546844096795342,
      0.5230099093637895,
      0.8697421872829724,
      0.8697421872829724,
      0.8697421872829724,
      0.8697421872829724,
      -0.2306748590733932,
      -0.34474288833732897,
      -0.34474288833732897,
      -0.4344284442857368,
      -0.5484964735496726,
      -0.2591266734114005,
      -0.7008059737556926,
      -0.6052581457405104,
      -0.39642963855770813,
      0.5428541863702783,
      0.2216394641204382,
      -0.45633003155005253,
      -0.8844503863644015,
      -0.3682451687145245,
      0.5777190141969075,
      -0.43014858931146843,
      -0.43014858931146843,
      -0.43014858931146843,
      -0.21546258586780773,
      -0.11991475785262547,
      -0.22262498256723465,
      -0.28576767459010255,
      0.4886865500986869,
      0.6262568597398183,
      -0.6174033003861528,
      0.4886865500986869,
      0.405283876729147,
      0.7366551124798794,
      -0.36943473800496035,
      -0.7008059737556926,
      -0.3302463629864959,
      -0.3302463629864959,
      -0.4443143922504317,
      -0.4798329907450215,
      -0.6318991469192125,
      0.2216394641204382,
      -0.7014755302639856,
      -0.7008059737556926,
      -0.7703823571004658,
      -0.7703823571004658,
      -0.7703823571004658,
      -0.7889025583492193,
      -0.6318991469192125,
      0.7765592353530962,
      -0.6174033003861528,
      -0.3847440428521837,
      -0.4988120721161195,
      -0.2471737332110524,
      -0.3232429567469596,
      -0.029870526724255827,
      -0.3847440428521837,
      -0.02673180592274931,
      -0.3232429567469596,
      0.32399965770329203,
      1.5512914722736695,
      0.8200577858494192,
      0.4886865500986869,
      0.8200577858494192,
      1.1535100391887,
      -0.40778744310703474,
      -0.6174033003861528,
      -0.15824135473685194,
      0.38838328553367474,
      -0.5484964735496726,
      -0.580074051166417,
      0.5280346127633544,
      -0.510497667821644,
      -0.41092616390854125,
      0.38838328553367474,
      -0.5484964735496726,
      0.4886865500986869,
      -0.8010477129948617,
      0.7514153490582569,
      -0.41092616390854125,
      -0.4344284442857368,
      0.38838328553367474,
      -0.4344284442857368,
      1.3984010534050315,
      0.5428541863702783,
      0.5428541863702783,
      0.8742254221210107,
      0.8742254221210107,
      0.8742254221210107,
      0.8742254221210107,
      -0.18645988190454435,
      0.07092314789882928,
      -0.43751730214699375,
      -0.4911901164765746,
      -0.5939003411911838,
      -0.43751730214699375,
      -0.479832311927248,
      -0.5178311176552767,
      -0.6318991469192125,
      -0.5939003411911838,
      1.151610750617879,
      1.023811371061763,
      1.023811371061763,
      0.8181584972785981,
      0.8181584972785981,
      1.023811371061763,
      0.3864839969628536,
      -0.2879313532062416,
      -0.06695769137779692,
      0.6924401353110305,
      1.3541860762361828,
      1.5479870023457838,
      0.8862410614206315,
      0.8862410614206315,
      -0.5512200248149405,
      0.260765634995286,
      -0.29958168590987344,
      0.5548698256698992,
      0.5548698256698992,
      -0.4136497151738092,
      -0.11294315649969937,
      -0.11294315649969937,
      -0.11294315649969937,
      -0.12430096104902598,
      0.12319532535415466,
      -0.4443143922504317,
      -0.4443143922504317,
      -0.34160416753582246,
      -0.4823131979784603,
      -0.45567219679975823,
      0.260765634995286,
      1.0073124969241036,
      1.0073124969241036,
      -0.4988120721161195,
      0.8697421872829724,
      -0.029870526724255827,
      -0.31608056004753265,
      -0.16744083636538715
    ],